INSERT INTO CATEGORY VALUES ('Gadgets', 'img/gadget.jpg');
INSERT INTO CATEGORY VALUES ('Music', 'img/music.jpg');
INSERT INTO CATEGORY VALUES ('Fashion', 'img/fashion.jpg');
INSERT INTO CATEGORY VALUES ('Games', 'img/games.jpg');
INSERT INTO CATEGORY VALUES ('Art', 'img/art.jpg');
INSERT INTO CATEGORY VALUES ('Food', 'img/food.jpg');
INSERT INTO CATEGORY VALUES ('Education', 'img/education.jpg');
INSERT INTO CATEGORY VALUES ('Software', 'img/software.jpg');
INSERT INTO CATEGORY VALUES ('Design', 'img/design.jpg');
INSERT INTO CATEGORY VALUES ('Film', 'img/film-video.jpg');
INSERT INTO CATEGORY VALUES ('Sports', 'img/sports.jpg');
INSERT INTO CATEGORY VALUES ('Other', 'img/other.jpg');

INSERT INTO PROJECT VALUES(1,'Buckwichshire Jams','A new jam company, serving only the best jams made out of the best ingredients.',
	'2016-3-23',5,10000,9000,'img/jam.jpg');
INSERT INTO PROJECT VALUES(2,'Bluthem Jeans','Traditional jeans done right, priced right',
	'2016-2-15',4,6000,500,'img/jeans.jpg');
INSERT INTO PROJECT VALUES(3,'Jawbone Lacrosse Sticks','A fresh take on Lacrosse Sticks',
	'2015-11-13',3,6789,454,'img/sticks.jpg');
INSERT INTO PROJECT VALUES(4, 'Aquila Waterbottles','Durable and Sustainable',
	'2015-12-16',6,56000,54300,'img/waterbottle.jpg');
INSERT INTO PROJECT VALUES(5, 'Penegior','Designing the pens of the future. Penegior is dedicated to shipping craftsmans pens to all of it''s patrons.With your help we can make our dream your reality.',
	'2015-11-5',25,68404,58800,'img/pen.jpg');
INSERT INTO PROJECT VALUES(6, 'Lime','Lime is a software that brings the power of the cloud to bring you power financial analytical tools to your small busienss needs.',
	'2015-10-5',57,10000,8700,'img/graph.jpg');
INSERT INTO PROJECT VALUES(7, '3000','We are an independent team, dedicated to making sequels to Zack Snyder. 3000 is the spirtual successor to the smash hit moive 300. In it a zombie King Leonidas comes back to reek havoc on the Persian army with the help of a ragtag team of Greek legends. ',
	'2015-10-7',30,2200,1000,'img/3000.jpg');
INSERT INTO PROJECT VALUES(8, 'Treehouse 3.0','A design collective looking to create environment integrated living spaces for our eco-conscious customers.',
	'2015-12-7',38,60000,50000,'img/treehouse.jpg');
INSERT INTO PROJECT VALUES(9, 'Hotpants','We are a dedicated team, working on building an assortment of heated ware to help you get through those cold winters. Our techonolgy incorperates newly designed Heat-tec sustainble technology to bring you an affordable, yet wearable solution that will warm your winters for the years to come.',
	'2016-2-25',65,60000,45000,'img/leggings.jpg');
INSERT INTO PROJECT VALUES(10, 'Fountain of Youth','Fountain of Youth is fun, cooperative boardgame, perfect for parties, families, or just hanging out. Help us raise money to help procure quality materials, neccessary for building a sturdy product.',
	'2016-2-29',70,50000,45000,'img/fountain.jpg');
INSERT INTO PROJECT VALUES(11, 'Recycled Chandeliers','Recycled lighting solutions. Handmade by RSDI industrial design student, Haresh Singh',
	'2016-4-30',60,30000,20000,'img/chandelier.jpg');
INSERT INTO PROJECT VALUES(12, 'Solar Powered RV','Travel across the countryside--sustainably! ',
	'2016-3-10',30,20000,10000,'img/rv.jpg');
INSERT INTO PROJECT VALUES(13 , 'Pan','Redesigning the pan. A cutting edge design worthy of the 21st century.',
	'2016-3-19',76,10000,2500,'img/pan.jpg');
INSERT INTO PROJECT VALUES(14, 'Jellybean Flavors', 'Funding needed in order to develop, test , and deliver new jellybean flavors including : dog food, potato, and ranch.',
	'2016-2-10',30,38000,20000,'img/jellybeans.jpg');
INSERT INTO PROJECT VALUES(15, 'In the Commons','A movie about a student stuck between deciding to study in PC COMMONS or the MAC COMMONS. ',
	'2016-2-15',20,40000,30000,'img/common.jpg');
INSERT INTO PROJECT VALUES(16, 'Augmented Reality Eyewear','The next generation in dynamic,responsive techie eyewear. If we get enough funding, we''ll incorperate laser vision',
	'2016-3-16',15,26000,13000,'img/glasses.jpg');
INSERT INTO PROJECT VALUES(17, 'Discovering Zappa','A independent film on the life of the magnanimous, recluse rockstar Frank Zappa.',
	'2016-3-10',20,5000,3000,'img/zappa.jpg');
INSERT INTO PROJECT VALUES(18, 'Solar Mobile House','A portable house on wheels that provides its own electrical energy whever the sun hits!',
	'2016-2-9',15,3000,2000,'img/mobilehouse.jpg');
INSERT INTO PROJECT VALUES(19, 'Inflatable Goal Post','Portable, recyclable, play soccer wherever you find a big enough field!',
	'2015-11-4',30,6000,2000,'img/goalpost.jpg');
INSERT INTO PROJECT VALUES(20, 'Typical Boardgame','This boardgames is not that different than most other boardgames. Expect some gimmick that will tire after two or three playthroughs.',
	'2016-2-11',15,3000,1000,'img/game.jpg');
INSERT INTO PROJECT VALUES(21, 'Doctor Boardgame','Boardgame that doesn''t take much skill and revolves mostly around luck! Help us fund our project,  so we can make money rehashing some old game!',
	'2015-2-10',6,5000,3000,'img/operation.jpg');
INSERT INTO PROJECT VALUES(22, 'Recycled Canvas','Help us develop the most sustainble canvas!',
	'2016-1-13',58,12389,2347,'img/canvas.jpg');
INSERT INTO PROJECT VALUES(23, 'The Dog Chronicles', 'Coffee Table book for millenials who have just decided to buy their first coffee table and have moved to a nicer apartment downtown. Pictures of owners and their dogs, their stories. Help us fund our project and help us tell the stories of mankind''s best friend.',
	'2015-11-1',54,5743,4333,'img/dog.jpg');
INSERT INTO PROJECT VALUES(24, 'The Cat Chronicles', 'Coffee Table book for millenials who have just decided to buy their 2nd coffee table and want a coffee table book to spurce things up. Pictures of cats and the owners who they run away from at least twice a week.',
	'2015-11-5',30,5493,5000,'img/cat.jpg');	


--Project Category 

INSERT INTO PROJECTCATEGORY VALUES(1,'Food');
INSERT INTO PROJECTCATEGORY VALUES(2,'Fashion');
INSERT INTO PROJECTCATEGORY VALUES(3,'Sports');
INSERT INTO PROJECTCATEGORY VALUES(4,'Design');
INSERT INTO PROJECTCATEGORY VALUES(5,'Other');
INSERT INTO PROJECTCATEGORY VALUES(6,'Software');
INSERT INTO PROJECTCATEGORY VALUES(6,'Education');
INSERT INTO PROJECTCATEGORY VALUES(7,'Film and Video');
INSERT INTO PROJECTCATEGORY VALUES(8,'Design');
INSERT INTO PROJECTCATEGORY VALUES(9,'Fashion');
INSERT INTO PROJECTCATEGORY VALUES(9,'Gadgets');
INSERT INTO PROJECTCATEGORY VALUES(10,'Games');
INSERT INTO PROJECTCATEGORY VALUES(11,'Art');
INSERT INTO PROJECTCATEGORY VALUES(11,'Design');
INSERT INTO PROJECTCATEGORY VALUES(12,'Gadgets');
INSERT INTO PROJECTCATEGORY VALUES(13,'Gadgets');
INSERT INTO PROJECTCATEGORY VALUES(13,'Design');
INSERT INTO PROJECTCATEGORY VALUES(13,'Other');
INSERT INTO PROJECTCATEGORY VALUES(14,'Food');
INSERT INTO PROJECTCATEGORY VALUES(15,'Film');
INSERT INTO PROJECTCATEGORY VALUES(16,'Gadgets');
INSERT INTO PROJECTCATEGORY VALUES(17,'Film');
INSERT INTO PROJECTCATEGORY VALUES(17,'Music');
INSERT INTO PROJECTCATEGORY VALUES(17,'Other');
INSERT INTO PROJECTCATEGORY VALUES(18,'Gadgets');
INSERT INTO PROJECTCATEGORY VALUES(19,'Gadgets');
INSERT INTO PROJECTCATEGORY VALUES(19,'Sports');
INSERT INTO PROJECTCATEGORY VALUES(19,'Other');
INSERT INTO PROJECTCATEGORY VALUES(20,'Games');
INSERT INTO PROJECTCATEGORY VALUES(21,'Games');
INSERT INTO PROJECTCATEGORY VALUES(22,'Art');
INSERT INTO PROJECTCATEGORY VALUES(23,'Art');
INSERT INTO PROJECTCATEGORY VALUES(24,'Art');


-- Population Person Table
INSERT INTO PERSON VALUES('raphib@gmail.com','RaphieB','1','Raphael Baysa');
INSERT INTO PERSON VALUES('willieong@gmail.com','Will.i.am','CS','William Ieong');
INSERT INTO PERSON VALUES('wsnyder@gmail.com','SnyderW','112','Wayne Snyder');
INSERT INTO PERSON VALUES('dsullivan@gmail.com','the_real_dave','111','Dave Sullivan');
INSERT INTO PERSON VALUES('gacs@gmail.com','gacs','330','Peter Gacs');
INSERT INTO PERSON VALUES('alapetz@gmail.com','Dr.drei','320','Andrei Lapets');
INSERT INTO PERSON VALUES('markcro@gmail.com','crobro','132','Mark Crovella');
INSERT INTO PERSON VALUES('joemuguru@gmail.com','themuguman','sfv','Joseph Muguru');
INSERT INTO PERSON VALUES('vivianayee@gmail.com','yeeviv','google','Viviana Yee');

 -- projectPerson, projectCategory, donation
 INSERT INTO PROJECTPERSON VALUES(1,'raphib@gmail.com');
 INSERT INTO PROJECTPERSON VALUES(2,'raphib@gmail.com');
 INSERT INTO PROJECTPERSON VALUES(3,'willieong@gmail.com');
 INSERT INTO PROJECTPERSON VALUES(4,'vivianayee@gmail.com');
 INSERT INTO PROJECTPERSON VALUES(5,'vivianayee@gmail.com');
 INSERT INTO PROJECTPERSON VALUES(6,'joemuguru@gmail.com');
 INSERT INTO PROJECTPERSON VALUES(7,'joemuguru@gmail.com');
 INSERT INTO PROJECTPERSON VALUES(8,'willieong@gmail.com');
 INSERT INTO PROJECTPERSON VALUES(9,'wsnyder@gmail.com');
 INSERT INTO PROJECTPERSON VALUES(10,'wsnyder@gmail.com');
 INSERT INTO PROJECTPERSON VALUES(11,'wsnyder@gmail.com');
 INSERT INTO PROJECTPERSON VALUES(12,'wsnyder@gmail.com');
 INSERT INTO PROJECTPERSON VALUES(13,'dsullivan@gmail.com');
 INSERT INTO PROJECTPERSON VALUES(14,'dsullivan@gmail.com');
 INSERT INTO PROJECTPERSON VALUES(15,'gacs@gmail.com');
 INSERT INTO PROJECTPERSON VALUES(16,'gacs@gmail.com');
 INSERT INTO PROJECTPERSON VALUES(17,'gacs@gmail.com');
 INSERT INTO PROJECTPERSON VALUES(18,'gacs@gmail.com');
 INSERT INTO PROJECTPERSON VALUES(19,'alapetz@gmail.com');
 INSERT INTO PROJECTPERSON VALUES(20,'alapetz@gmail.com');
 INSERT INTO PROJECTPERSON VALUES(21,'markcro@gmail.com');
 INSERT INTO PROJECTPERSON VALUES(22,'markcro@gmail.com');
 INSERT INTO PROJECTPERSON VALUES(23,'markcro@gmail.com');
 INSERT INTO PROJECTPERSON VALUES(24,'joemuguru@gmail.com');


 INSERT INTO DONATION VALUES('raphib@gmail.com',600,'2016-3-25 3:54:25',1);
 INSERT INTO DONATION VALUES('raphib@gmail.com',400,'2016-3-26 5:24:45',2);
 INSERT INTO DONATION VALUES('raphib@gmail.com',300,'2016-3-27 12:52:12',3);
 INSERT INTO DONATION VALUES('willieong@gmail.com',200,'2016-3-28 14:32:54',4);
 INSERT INTO DONATION VALUES('willieong@gmail.com',100,'2016-3-25 17:41:52',1);
 INSERT INTO DONATION VALUES('willieong@gmail.com',650,'2016-3-20 18:15:32',2);